"-180,000000";"324007,929645";"-180,000000";"324007,929645";
"-176,400000";"311177,372356";"-179,640000";"-112079653568325,156250";
"-172,800000";"298606,014987";"-179,280000";"-130115256494773,765625";
"-169,200000";"286293,857541";"-178,920000";"-110711914200795,218750";
"-165,600000";"274240,900020";"-178,560000";"-81386263606464,640625";
"-162,000000";"262447,142424";"-178,200000";"-54070297377469,265625";
"-158,400000";"250912,584756";"-177,840000";"-32801239027638,570313";
"-154,800000";"239637,227017";"-177,480000";"-17953338785488,734375";
"-151,200000";"228621,069209";"-177,120000";"-8460665271613,192383";
"-147,600000";"217864,111334";"-176,760000";"-2906806568512,657227";
"-144,000000";"207366,353392";"-176,400000";"311177,372356";
"-140,400000";"197127,795385";"-176,040000";"1267168876115,602051";
"-136,800000";"187148,437316";"-175,680000";"1606527657130,612793";
"-133,200000";"177428,279186";"-175,320000";"1482452424951,389893";
"-129,600000";"167967,320996";"-174,960000";"1174862686933,215088";
"-126,000000";"158765,562748";"-174,600000";"837188971272,582153";
"-122,400000";"149823,004443";"-174,240000";"542312799972,446228";
"-118,800000";"141139,646084";"-173,880000";"315718905947,188904";
"-115,200000";"132715,487671";"-173,520000";"157707051553,581970";
"-111,600000";"124550,529207";"-173,160000";"57254961186,448845";
"-108,000000";"116644,770692";"-172,800000";"298606,014987";
"-104,400000";"108998,212130";"-172,440000";"-27645694593,740211";
"-100,800000";"101610,853520";"-172,080000";"-36758298625,718864";
"-97,200000";"94482,694866";"-171,720000";"-35499579050,557930";
"-93,600000";"87613,736167";"-171,360000";"-29388877910,641247";
"-90,000000";"81003,977427";"-171,000000";"-21838260675,850330";
"-86,400000";"74653,418647";"-170,640000";"-14728105888,433151";
"-82,800000";"68562,059827";"-170,280000";"-8913637208,606285";
"-79,200000";"62729,900971";"-169,920000";"-4622315228,470891";
"-75,600000";"57156,942079";"-169,560000";"-1739759815,904296";
"-72,000000";"51843,183153";"-169,200000";"286293,857541";
"-68,400000";"46788,624195";"-168,840000";"900395121,853004";
"-64,800000";"41993,265206";"-168,480000";"1237046348,957046";
"-61,200000";"37457,106188";"-168,120000";"1233371822,422839";
"-57,600000";"33180,147143";"-167,760000";"1053205199,732402";
"-54,000000";"29162,388072";"-167,400000";"806586668,227286";
"-50,400000";"25403,828976";"-167,040000";"560222762,524792";
"-46,800000";"21904,469858";"-166,680000";"348965041,224311";
"-43,200000";"18664,310719";"-166,320000";"186191849,448488";
"-39,600000";"15683,351561";"-165,960000";"72178996,281607";
"-36,000000";"12961,592384";"-165,600000";"274240,900020";
"-32,400000";"10499,033192";"-165,240000";"-38916138,337211";
"-28,800000";"8295,673985";"-164,880000";"-54949154,229718";
"-25,200000";"6351,514765";"-164,520000";"-56159886,100277";
"-21,600000";"4666,555534";"-164,160000";"-49091549,616524";
"-18,000000";"3240,796293";"-163,800000";"-38433499,292612";
"-14,400000";"2074,237044";"-163,440000";"-27237473,804656";
"-10,800000";"1166,877789";"-163,080000";"-17253567,619044";
"-7,200000";"518,718529";"-162,720000";"-9285812,219832";
"-3,600000";"129,759265";"-162,360000";"-3511302,009652";
"0,000000";"0,000000";"-162,000000";"262447,142424";
"3,600000";"129,440735";"-161,640000";"2407493,119049";
"7,200000";"518,081471";"-161,280000";"3347088,483095";
"10,800000";"1165,922211";"-160,920000";"3477833,612644";
"14,400000";"2072,962956";"-160,560000";"3129784,123656";
"18,000000";"3239,203707";"-160,200000";"2552733,471378";
"21,600000";"4664,644466";"-159,840000";"1918827,073679";
"25,200000";"6349,285235";"-159,480000";"1333974,671227";
"28,800000";"8293,126015";"-159,120000";"852752,944794";
"32,400000";"10496,166808";"-158,760000";"493390,641674";
"36,000000";"12958,407616";"-158,400000";"250912,584756";
"39,600000";"15679,848439";"-158,040000";"107588,289696";
"43,200000";"18660,489281";"-157,680000";"40537,244152";
"46,800000";"21900,330142";"-157,320000";"26759,361988";
"50,400000";"25399,371024";"-156,960000";"46061,809280";
"54,000000";"29157,611928";"-156,600000";"82410,832216";
"57,600000";"33175,052857";"-156,240000";"124205,453977";
"61,200000";"37451,693812";"-155,880000";"163891,303965";
"64,800000";"41987,534794";"-155,520000";"197236,998376";
"68,400000";"46782,575805";"-155,160000";"222501,290225";
"72,000000";"51836,816847";"-154,800000";"239637,227017";
"75,600000";"57150,257921";"-154,440000";"249614,402138";
"79,200000";"62722,899029";"-154,080000";"253892,719506";
"82,800000";"68554,740173";"-153,720000";"254049,228918";
"86,400000";"74645,781353";"-153,360000";"251540,702391";
"90,000000";"80996,022573";"-153,000000";"247575,547375";
"93,600000";"87605,463833";"-152,640000";"243066,402375";
"97,200000";"94474,105134";"-152,280000";"238636,792559";
"100,800000";"101601,946480";"-151,920000";"234659,549028";
"104,400000";"108988,987870";"-151,560000";"231309,879125";
"108,000000";"116635,229308";"-151,200000";"228621,069209";
"111,600000";"124540,670793";"-150,840000";"226535,253894";
"115,200000";"132705,312329";"-150,480000";"224945,242275";
"118,800000";"141129,153916";"-150,120000";"223726,002302";
"122,400000";"149812,195557";"-149,760000";"222756,146835";
"126,000000";"158754,437252";"-149,400000";"221930,784250";
"129,600000";"167955,879004";"-149,040000";"221167,561784";
"133,200000";"177416,520814";"-148,680000";"220407,805700";
"136,800000";"187136,362684";"-148,320000";"219614,492436";
"140,400000";"197115,404615";"-147,960000";"218768,483755";
"144,000000";"207353,646608";"-147,600000";"217864,111334";
"147,600000";"217851,088666";"-147,240000";"216904,858950";
"151,200000";"228607,730791";"-146,880000";"215899,597288";
"154,800000";"239623,572983";"-146,520000";"214859,593193";
"158,400000";"250898,615244";"-146,160000";"213796,345076";
"162,000000";"262432,857576";"-145,800000";"212720,184169";
"165,600000";"274226,299980";"-145,440000";"211639,517840";
"169,200000";"286278,942459";"-145,080000";"210560,565144";
"172,800000";"298590,785013";"-144,720000";"209487,434909";
"176,400000";"311161,827644";"-144,360000";"208422,413349";
"180,000000";"323992,070355";"-144,000000";"207366,353392";
"";"";"-143,640000";"206319,085755";
"";"";"-143,280000";"205279,798284";
"";"";"-142,920000";"204247,352805";
"";"";"-142,560000";"203220,526630";
"";"";"-142,200000";"202198,178700";
"";"";"-141,840000";"201179,348613";
"";"";"-141,480000";"200163,301196";
"";"";"-141,120000";"199149,530756";
"";"";"-140,760000";"198137,738576";
"";"";"-140,400000";"197127,795385";
"";"";"-140,040000";"196119,698084";
"";"";"-139,680000";"195113,527396";
"";"";"-139,320000";"194109,410749";
"";"";"-138,960000";"193107,492603";
"";"";"-138,600000";"192107,912928";
"";"";"-138,240000";"191110,793378";
"";"";"-137,880000";"190116,230083";
"";"";"-137,520000";"189124,291598";
"";"";"-137,160000";"188135,020509";
"";"";"-136,800000";"187148,437316";
"";"";"-136,440000";"186164,545417";
"";"";"-136,080000";"185183,336296";
"";"";"-135,720000";"184204,794296";
"";"";"-135,360000";"183228,900616";
"";"";"-135,000000";"182255,636337";
"";"";"-134,640000";"181284,984501";
"";"";"-134,280000";"180316,931299";
"";"";"-133,920000";"179351,466555";
"";"";"-133,560000";"178388,583668";
"";"";"-133,200000";"177428,279186";
"";"";"-132,840000";"176470,552192";
"";"";"-132,480000";"175515,403610";
"";"";"-132,120000";"174562,835529";
"";"";"-131,760000";"173612,850628";
"";"";"-131,400000";"172665,451703";
"";"";"-131,040000";"171720,641341";
"";"";"-130,680000";"170778,421707";
"";"";"-130,320000";"169838,794447";
"";"";"-129,960000";"168901,760670";
"";"";"-129,600000";"167967,320996";
"";"";"-129,240000";"167035,475635";
"";"";"-128,880000";"166106,224493";
"";"";"-128,520000";"165179,567269";
"";"";"-128,160000";"164255,503547";
"";"";"-127,800000";"163334,032878";
"";"";"-127,440000";"162415,154833";
"";"";"-127,080000";"161498,869043";
"";"";"-126,720000";"160585,175219";
"";"";"-126,360000";"159674,073160";
"";"";"-126,000000";"158765,562748";
"";"";"-125,640000";"157859,643933";
"";"";"-125,280000";"156956,316725";
"";"";"-124,920000";"156055,581170";
"";"";"-124,560000";"155157,437336";
"";"";"-124,200000";"154261,885303";
"";"";"-123,840000";"153368,925146";
"";"";"-123,480000";"152478,556935";
"";"";"-123,120000";"151590,780724";
"";"";"-122,760000";"150705,596552";
"";"";"-122,400000";"149823,004443";
"";"";"-122,040000";"148943,004409";
"";"";"-121,680000";"148065,596450";
"";"";"-121,320000";"147190,780558";
"";"";"-120,960000";"146318,556721";
"";"";"-120,600000";"145448,924923";
"";"";"-120,240000";"144581,885151";
"";"";"-119,880000";"143717,437391";
"";"";"-119,520000";"142855,581632";
"";"";"-119,160000";"141996,317864";
"";"";"-118,800000";"141139,646084";
"";"";"-118,440000";"140285,566287";
"";"";"-118,080000";"139434,078475";
"";"";"-117,720000";"138585,182648";
"";"";"-117,360000";"137738,878809";
"";"";"-117,000000";"136895,166960";
"";"";"-116,640000";"136054,047105";
"";"";"-116,280000";"135215,519246";
"";"";"-115,920000";"134379,583386";
"";"";"-115,560000";"133546,239528";
"";"";"-115,200000";"132715,487671";
"";"";"-114,840000";"131887,327817";
"";"";"-114,480000";"131061,759966";
"";"";"-114,120000";"130238,784118";
"";"";"-113,760000";"129418,400272";
"";"";"-113,400000";"128600,608427";
"";"";"-113,040000";"127785,408584";
"";"";"-112,680000";"126972,800740";
"";"";"-112,320000";"126162,784897";
"";"";"-111,960000";"125355,361052";
"";"";"-111,600000";"124550,529207";
"";"";"-111,240000";"123748,289360";
"";"";"-110,880000";"122948,641512";
"";"";"-110,520000";"122151,585662";
"";"";"-110,160000";"121357,121812";
"";"";"-109,800000";"120565,249960";
"";"";"-109,440000";"119775,970108";
"";"";"-109,080000";"118989,282255";
"";"";"-108,720000";"118205,186401";
"";"";"-108,360000";"117423,682547";
"";"";"-108,000000";"116644,770692";
"";"";"-107,640000";"115868,450838";
"";"";"-107,280000";"115094,722983";
"";"";"-106,920000";"114323,587127";
"";"";"-106,560000";"113555,043272";
"";"";"-106,200000";"112789,091416";
"";"";"-105,840000";"112025,731559";
"";"";"-105,480000";"111264,963703";
"";"";"-105,120000";"110506,787846";
"";"";"-104,760000";"109751,203988";
"";"";"-104,400000";"108998,212130";
"";"";"-104,040000";"108247,812271";
"";"";"-103,680000";"107500,004412";
"";"";"-103,320000";"106754,788552";
"";"";"-102,960000";"106012,164692";
"";"";"-102,600000";"105272,132831";
"";"";"-102,240000";"104534,692970";
"";"";"-101,880000";"103799,845108";
"";"";"-101,520000";"103067,589246";
"";"";"-101,160000";"102337,925383";
"";"";"-100,800000";"101610,853520";
"";"";"-100,440000";"100886,373657";
"";"";"-100,080000";"100164,485793";
"";"";"-99,720000";"99445,189928";
"";"";"-99,360000";"98728,486064";
"";"";"-99,000000";"98014,374198";
"";"";"-98,640000";"97302,854333";
"";"";"-98,280000";"96593,926467";
"";"";"-97,920000";"95887,590600";
"";"";"-97,560000";"95183,846733";
"";"";"-97,200000";"94482,694866";
"";"";"-96,840000";"93784,134998";
"";"";"-96,480000";"93088,167129";
"";"";"-96,120000";"92394,791261";
"";"";"-95,760000";"91704,007391";
"";"";"-95,400000";"91015,815522";
"";"";"-95,040000";"90330,215652";
"";"";"-94,680000";"89647,207781";
"";"";"-94,320000";"88966,791910";
"";"";"-93,960000";"88288,968039";
"";"";"-93,600000";"87613,736167";
"";"";"-93,240000";"86941,096295";
"";"";"-92,880000";"86271,048423";
"";"";"-92,520000";"85603,592550";
"";"";"-92,160000";"84938,728676";
"";"";"-91,800000";"84276,456802";
"";"";"-91,440000";"83616,776928";
"";"";"-91,080000";"82959,689054";
"";"";"-90,720000";"82305,193178";
"";"";"-90,360000";"81653,289303";
"";"";"-90,000000";"81003,977427";
"";"";"-89,640000";"80357,257551";
"";"";"-89,280000";"79713,129674";
"";"";"-88,920000";"79071,593797";
"";"";"-88,560000";"78432,649920";
"";"";"-88,200000";"77796,298042";
"";"";"-87,840000";"77162,538164";
"";"";"-87,480000";"76531,370285";
"";"";"-87,120000";"75902,794406";
"";"";"-86,760000";"75276,810526";
"";"";"-86,400000";"74653,418647";
"";"";"-86,040000";"74032,618766";
"";"";"-85,680000";"73414,410886";
"";"";"-85,320000";"72798,795005";
"";"";"-84,960000";"72185,771123";
"";"";"-84,600000";"71575,339242";
"";"";"-84,240000";"70967,499360";
"";"";"-83,880000";"70362,251477";
"";"";"-83,520000";"69759,595594";
"";"";"-83,160000";"69159,531711";
"";"";"-82,800000";"68562,059827";
"";"";"-82,440000";"67967,179943";
"";"";"-82,080000";"67374,892059";
"";"";"-81,720000";"66785,196174";
"";"";"-81,360000";"66198,092289";
"";"";"-81,000000";"65613,580404";
"";"";"-80,640000";"65031,660518";
"";"";"-80,280000";"64452,332632";
"";"";"-79,920000";"63875,596745";
"";"";"-79,560000";"63301,452858";
"";"";"-79,200000";"62729,900971";
"";"";"-78,840000";"62160,941083";
"";"";"-78,480000";"61594,573195";
"";"";"-78,120000";"61030,797307";
"";"";"-77,760000";"60469,613418";
"";"";"-77,400000";"59911,021529";
"";"";"-77,040000";"59355,021640";
"";"";"-76,680000";"58801,613750";
"";"";"-76,320000";"58250,797860";
"";"";"-75,960000";"57702,573970";
"";"";"-75,600000";"57156,942079";
"";"";"-75,240000";"56613,902188";
"";"";"-74,880000";"56073,454296";
"";"";"-74,520000";"55535,598405";
"";"";"-74,160000";"55000,334513";
"";"";"-73,800000";"54467,662620";
"";"";"-73,440000";"53937,582727";
"";"";"-73,080000";"53410,094834";
"";"";"-72,720000";"52885,198941";
"";"";"-72,360000";"52362,895047";
"";"";"-72,000000";"51843,183153";
"";"";"-71,640000";"51326,063259";
"";"";"-71,280000";"50811,535364";
"";"";"-70,920000";"50299,599469";
"";"";"-70,560000";"49790,255574";
"";"";"-70,200000";"49283,503678";
"";"";"-69,840000";"48779,343782";
"";"";"-69,480000";"48277,775886";
"";"";"-69,120000";"47778,799989";
"";"";"-68,760000";"47282,416092";
"";"";"-68,400000";"46788,624195";
"";"";"-68,040000";"46297,424297";
"";"";"-67,680000";"45808,816400";
"";"";"-67,320000";"45322,800501";
"";"";"-66,960000";"44839,376603";
"";"";"-66,600000";"44358,544704";
"";"";"-66,240000";"43880,304805";
"";"";"-65,880000";"43404,656906";
"";"";"-65,520000";"42931,601006";
"";"";"-65,160000";"42461,137106";
"";"";"-64,800000";"41993,265206";
"";"";"-64,440000";"41527,985306";
"";"";"-64,080000";"41065,297405";
"";"";"-63,720000";"40605,201504";
"";"";"-63,360000";"40147,697602";
"";"";"-63,000000";"39692,785701";
"";"";"-62,640000";"39240,465799";
"";"";"-62,280000";"38790,737896";
"";"";"-61,920000";"38343,601994";
"";"";"-61,560000";"37899,058091";
"";"";"-61,200000";"37457,106188";
"";"";"-60,840000";"37017,746285";
"";"";"-60,480000";"36580,978381";
"";"";"-60,120000";"36146,802477";
"";"";"-59,760000";"35715,218573";
"";"";"-59,400000";"35286,226669";
"";"";"-59,040000";"34859,826764";
"";"";"-58,680000";"34436,018859";
"";"";"-58,320000";"34014,802954";
"";"";"-57,960000";"33596,179048";
"";"";"-57,600000";"33180,147143";
"";"";"-57,240000";"32766,707237";
"";"";"-56,880000";"32355,859331";
"";"";"-56,520000";"31947,603424";
"";"";"-56,160000";"31541,939517";
"";"";"-55,800000";"31138,867610";
"";"";"-55,440000";"30738,387703";
"";"";"-55,080000";"30340,499796";
"";"";"-54,720000";"29945,203888";
"";"";"-54,360000";"29552,499980";
"";"";"-54,000000";"29162,388072";
"";"";"-53,640000";"28774,868163";
"";"";"-53,280000";"28389,940254";
"";"";"-52,920000";"28007,604345";
"";"";"-52,560000";"27627,860436";
"";"";"-52,200000";"27250,708527";
"";"";"-51,840000";"26876,148617";
"";"";"-51,480000";"26504,180707";
"";"";"-51,120000";"26134,804797";
"";"";"-50,760000";"25768,020887";
"";"";"-50,400000";"25403,828976";
"";"";"-50,040000";"25042,229065";
"";"";"-49,680000";"24683,221154";
"";"";"-49,320000";"24326,805243";
"";"";"-48,960000";"23972,981331";
"";"";"-48,600000";"23621,749420";
"";"";"-48,240000";"23273,109508";
"";"";"-47,880000";"22927,061596";
"";"";"-47,520000";"22583,605683";
"";"";"-47,160000";"22242,741771";
"";"";"-46,800000";"21904,469858";
"";"";"-46,440000";"21568,789945";
"";"";"-46,080000";"21235,702032";
"";"";"-45,720000";"20905,206118";
"";"";"-45,360000";"20577,302205";
"";"";"-45,000000";"20251,990291";
"";"";"-44,640000";"19929,270377";
"";"";"-44,280000";"19609,142463";
"";"";"-43,920000";"19291,606548";
"";"";"-43,560000";"18976,662634";
"";"";"-43,200000";"18664,310719";
"";"";"-42,840000";"18354,550804";
"";"";"-42,480000";"18047,382889";
"";"";"-42,120000";"17742,806973";
"";"";"-41,760000";"17440,823058";
"";"";"-41,400000";"17141,431142";
"";"";"-41,040000";"16844,631226";
"";"";"-40,680000";"16550,423310";
"";"";"-40,320000";"16258,807394";
"";"";"-39,960000";"15969,783477";
"";"";"-39,600000";"15683,351561";
"";"";"-39,240000";"15399,511644";
"";"";"-38,880000";"15118,263727";
"";"";"-38,520000";"14839,607809";
"";"";"-38,160000";"14563,543892";
"";"";"-37,800000";"14290,071975";
"";"";"-37,440000";"14019,192057";
"";"";"-37,080000";"13750,904139";
"";"";"-36,720000";"13485,208221";
"";"";"-36,360000";"13222,104303";
"";"";"-36,000000";"12961,592384";
"";"";"-35,640000";"12703,672466";
"";"";"-35,280000";"12448,344547";
"";"";"-34,920000";"12195,608628";
"";"";"-34,560000";"11945,464709";
"";"";"-34,200000";"11697,912790";
"";"";"-33,840000";"11452,952871";
"";"";"-33,480000";"11210,584951";
"";"";"-33,120000";"10970,809032";
"";"";"-32,760000";"10733,625112";
"";"";"-32,400000";"10499,033192";
"";"";"-32,040000";"10267,033272";
"";"";"-31,680000";"10037,625352";
"";"";"-31,320000";"9810,809431";
"";"";"-30,960000";"9586,585511";
"";"";"-30,600000";"9364,953590";
"";"";"-30,240000";"9145,913669";
"";"";"-29,880000";"8929,465749";
"";"";"-29,520000";"8715,609827";
"";"";"-29,160000";"8504,345906";
"";"";"-28,800000";"8295,673985";
"";"";"-28,440000";"8089,594064";
"";"";"-28,080000";"7886,106142";
"";"";"-27,720000";"7685,210220";
"";"";"-27,360000";"7486,906299";
"";"";"-27,000000";"7291,194377";
"";"";"-26,640000";"7098,074455";
"";"";"-26,280000";"6907,546532";
"";"";"-25,920000";"6719,610610";
"";"";"-25,560000";"6534,266688";
"";"";"-25,200000";"6351,514765";
"";"";"-24,840000";"6171,354843";
"";"";"-24,480000";"5993,786920";
"";"";"-24,120000";"5818,810997";
"";"";"-23,760000";"5646,427074";
"";"";"-23,400000";"5476,635151";
"";"";"-23,040000";"5309,435228";
"";"";"-22,680000";"5144,827304";
"";"";"-22,320000";"4982,811381";
"";"";"-21,960000";"4823,387458";
"";"";"-21,600000";"4666,555534";
"";"";"-21,240000";"4512,315610";
"";"";"-20,880000";"4360,667687";
"";"";"-20,520000";"4211,611763";
"";"";"-20,160000";"4065,147839";
"";"";"-19,800000";"3921,275915";
"";"";"-19,440000";"3779,995991";
"";"";"-19,080000";"3641,308066";
"";"";"-18,720000";"3505,212143";
"";"";"-18,360000";"3371,708218";
"";"";"-18,000000";"3240,796294";
"";"";"-17,640000";"3112,476369";
"";"";"-17,280000";"2986,748445";
"";"";"-16,920000";"2863,612519";
"";"";"-16,560000";"2743,068595";
"";"";"-16,200000";"2625,116670";
"";"";"-15,840000";"2509,756745";
"";"";"-15,480000";"2396,988820";
"";"";"-15,120000";"2286,812895";
"";"";"-14,760000";"2179,228970";
"";"";"-14,400000";"2074,237044";
"";"";"-14,040000";"1971,837120";
"";"";"-13,680000";"1872,029194";
"";"";"-13,320000";"1774,813269";
"";"";"-12,960000";"1680,189344";
"";"";"-12,600000";"1588,157419";
"";"";"-12,240000";"1498,717494";
"";"";"-11,880000";"1411,869566";
"";"";"-11,520000";"1327,613641";
"";"";"-11,160000";"1245,949715";
"";"";"-10,800000";"1166,877791";
"";"";"-10,440000";"1090,397865";
"";"";"-10,080000";"1016,509933";
"";"";"-9,720000";"945,214013";
"";"";"-9,360000";"876,510085";
"";"";"-9,000000";"810,398158";
"";"";"-8,640000";"746,878230";
"";"";"-8,280000";"685,950312";
"";"";"-7,920000";"627,614381";
"";"";"-7,560000";"571,870457";
"";"";"-7,200000";"518,718523";
"";"";"-6,840000";"468,158600";
"";"";"-6,480000";"420,190674";
"";"";"-6,120000";"374,814750";
"";"";"-5,760000";"332,030809";
"";"";"-5,400000";"291,838907";
"";"";"-5,040000";"254,238957";
"";"";"-4,680000";"219,231026";
"";"";"-4,320000";"186,815111";
"";"";"-3,960000";"156,991176";
"";"";"-3,600000";"129,759256";
"";"";"-3,240000";"105,119346";
"";"";"-2,880000";"83,071426";
"";"";"-2,520000";"63,615515";
"";"";"-2,160000";"46,751588";
"";"";"-1,800000";"32,479663";
"";"";"-1,440000";"20,799679";
"";"";"-1,080000";"11,711752";
"";"";"-0,720000";"5,215831";
"";"";"-0,360000";"1,311933";
"";"";"0,000000";"-0,000048";
"";"";"0,360000";"1,280054";
"";"";"0,720000";"5,152089";
"";"";"1,080000";"11,616169";
"";"";"1,440000";"20,672359";
"";"";"1,800000";"32,320275";
"";"";"2,160000";"46,560503";
"";"";"2,520000";"63,392297";
"";"";"2,880000";"82,816609";
"";"";"3,240000";"104,832368";
"";"";"3,600000";"129,440571";
"";"";"3,960000";"156,640478";
"";"";"4,320000";"186,432436";
"";"";"4,680000";"218,816836";
"";"";"5,040000";"253,793305";
"";"";"5,400000";"291,360613";
"";"";"5,760000";"331,520593";
"";"";"6,120000";"374,272777";
"";"";"6,480000";"419,616799";
"";"";"6,840000";"467,552449";
"";"";"7,200000";"518,080950";
"";"";"7,560000";"571,200480";
"";"";"7,920000";"626,912767";
"";"";"8,280000";"685,216609";
"";"";"8,640000";"746,112223";
"";"";"9,000000";"809,600598";
"";"";"9,360000";"875,681307";
"";"";"9,720000";"944,352419";
"";"";"10,080000";"1015,617035";
"";"";"10,440000";"1089,473304";
"";"";"10,800000";"1165,922073";
"";"";"11,160000";"1244,960541";
"";"";"11,520000";"1326,590804";
"";"";"11,880000";"1410,818282";
"";"";"12,240000";"1497,632108";
"";"";"12,600000";"1587,038580";
"";"";"12,960000";"1679,037347";
"";"";"13,320000";"1773,625205";
"";"";"13,680000";"1870,812472";
"";"";"14,040000";"1970,595622";
"";"";"14,400000";"2072,962233";
"";"";"14,760000";"2177,919175";
"";"";"15,120000";"2285,467462";
"";"";"15,480000";"2395,606906";
"";"";"15,840000";"2508,346310";
"";"";"16,200000";"2623,681303";
"";"";"16,560000";"2741,596077";
"";"";"16,920000";"2862,108964";
"";"";"17,280000";"2985,206016";
"";"";"17,640000";"3110,893889";
"";"";"18,000000";"3239,190424";
"";"";"18,360000";"3370,080056";
"";"";"18,720000";"3503,541122";
"";"";"19,080000";"3639,638239";
"";"";"19,440000";"3778,224530";
"";"";"19,800000";"3919,481427";
"";"";"20,160000";"4063,360939";
"";"";"20,520000";"4209,759231";
"";"";"20,880000";"4358,821485";
"";"";"21,240000";"4510,436770";
"";"";"21,600000";"4664,605044";
"";"";"21,960000";"4821,416371";
"";"";"22,320000";"4980,840210";
"";"";"22,680000";"5142,700631";
"";"";"23,040000";"5307,390825";
"";"";"23,400000";"5474,579093";
"";"";"23,760000";"5644,229697";
"";"";"24,120000";"5816,672599";
"";"";"24,480000";"5991,599636";
"";"";"24,840000";"6169,046082";
"";"";"25,200000";"6349,096126";
"";"";"25,560000";"6531,989936";
"";"";"25,920000";"6717,404221";
"";"";"26,280000";"6905,115377";
"";"";"26,640000";"7095,402230";
"";"";"27,000000";"7288,845649";
"";"";"27,360000";"7484,389335";
"";"";"27,720000";"7682,886983";
"";"";"28,080000";"7883,328618";
"";"";"28,440000";"8087,220402";
"";"";"28,800000";"8292,692880";
"";"";"29,160000";"8501,707742";
"";"";"29,520000";"8712,650976";
"";"";"29,880000";"8926,740510";
"";"";"30,240000";"9142,803016";
"";"";"30,600000";"9362,058702";
"";"";"30,960000";"9583,279971";
"";"";"31,320000";"9807,467055";
"";"";"31,680000";"10034,534256";
"";"";"32,040000";"10264,456351";
"";"";"32,400000";"10493,721829";
"";"";"32,760000";"10730,276407";
"";"";"33,120000";"10967,348109";
"";"";"33,480000";"11206,439281";
"";"";"33,840000";"11450,773154";
"";"";"34,200000";"11694,759983";
"";"";"34,560000";"11940,549327";
"";"";"34,920000";"12191,270451";
"";"";"35,280000";"12445,526124";
"";"";"35,640000";"12699,706440";
"";"";"36,000000";"12956,002880";
"";"";"36,360000";"13215,180285";
"";"";"36,720000";"13480,488922";
"";"";"37,080000";"13745,059110";
"";"";"37,440000";"14016,627853";
"";"";"37,800000";"14282,054182";
"";"";"38,160000";"14553,140005";
"";"";"38,520000";"14836,358331";
"";"";"38,880000";"15113,043682";
"";"";"39,240000";"15398,466089";
"";"";"39,600000";"15669,913233";
"";"";"39,960000";"15960,519231";
"";"";"40,320000";"16250,091910";
"";"";"40,680000";"16542,024857";
"";"";"41,040000";"16827,054838";
"";"";"41,400000";"17136,264847";
"";"";"41,760000";"17414,866767";
"";"";"42,120000";"17743,795770";
"";"";"42,480000";"18022,084543";
"";"";"42,840000";"18351,228723";
"";"";"43,200000";"18643,291199";
"";"";"43,560000";"18948,920341";
"";"";"43,920000";"19284,835583";
"";"";"44,280000";"19589,808012";
"";"";"44,640000";"19934,923179";
"";"";"45,000000";"20259,401569";
"";"";"45,360000";"20570,999480";
"";"";"45,720000";"20937,946446";
"";"";"46,080000";"21282,459671";
"";"";"46,440000";"21572,993701";
"";"";"46,800000";"21892,708107";
"";"";"47,160000";"22131,749682";
"";"";"47,520000";"22619,556807";
"";"";"47,880000";"22917,038074";
"";"";"48,240000";"23154,308289";
"";"";"48,600000";"23570,241233";
"";"";"48,960000";"23884,242756";
"";"";"49,320000";"24310,894402";
"";"";"49,680000";"24677,451128";
"";"";"50,040000";"25273,792591";
"";"";"50,400000";"25481,997731";
"";"";"50,760000";"25820,657516";
"";"";"51,120000";"26060,716629";
"";"";"51,480000";"26386,685350";
"";"";"51,840000";"26884,963509";
"";"";"52,200000";"27099,588336";
"";"";"52,560000";"27909,317639";
"";"";"52,920000";"27782,435852";
"";"";"53,280000";"28353,519097";
"";"";"53,640000";"28351,374726";
"";"";"54,000000";"28953,699334";
"";"";"54,360000";"29649,696999";
"";"";"54,720000";"30501,342863";
"";"";"55,080000";"29464,364831";
"";"";"55,440000";"29937,521436";
"";"";"55,800000";"31908,717465";
"";"";"56,160000";"32264,249973";
"";"";"56,520000";"31586,882674";
"";"";"56,880000";"34156,428982";
"";"";"57,240000";"32489,156705";
"";"";"57,600000";"31849,206311";
"";"";"57,960000";"32699,217362";
"";"";"58,320000";"32462,087836";
"";"";"58,680000";"33465,723477";
"";"";"59,040000";"33347,484972";
"";"";"59,400000";"33382,417683";
"";"";"59,760000";"36356,287403";
"";"";"60,120000";"38646,947325";
"";"";"60,480000";"37833,004305";
"";"";"60,840000";"39056,125573";
"";"";"61,200000";"36720,136853";
"";"";"61,560000";"36358,307089";
"";"";"61,920000";"41756,055556";
"";"";"62,280000";"37210,734855";
"";"";"62,640000";"39950,039590";
"";"";"63,000000";"28437,139474";
"";"";"63,360000";"37329,791340";
"";"";"63,720000";"47435,668213";
"";"";"64,080000";"41450,317799";
"";"";"64,440000";"53012,694516";
"";"";"64,800000";"46137,199431";
"";"";"65,160000";"29748,830022";
"";"";"65,520000";"43379,165806";
"";"";"65,880000";"59928,430603";
"";"";"66,240000";"47704,996661";
"";"";"66,600000";"35070,263153";
"";"";"66,960000";"46312,453650";
"";"";"67,320000";"29465,171656";
"";"";"67,680000";"77178,296571";
"";"";"68,040000";"54545,387792";
"";"";"68,400000";"45692,984464";
"";"";"68,760000";"10748,771434";
"";"";"69,120000";"47541,687041";
"";"";"69,480000";"22733,375287";
"";"";"69,840000";"48175,340011";
"";"";"70,200000";"68614,180694";
"";"";"70,560000";"82354,869139";
"";"";"70,920000";"-65619,484813";
"";"";"71,280000";"-11118,721067";
"";"";"71,640000";"-50860,747809";
"";"";"72,000000";"30195,135156";
"";"";"72,360000";"-18743,009861";
"";"";"72,720000";"71136,412684";
"";"";"73,080000";"-68662,868977";
"";"";"73,440000";"-166355,759153";
"";"";"73,800000";"-98703,721767";
"";"";"74,160000";"32476,656501";
"";"";"74,520000";"-155656,330672";
"";"";"74,880000";"-35978,996856";
"";"";"75,240000";"-224952,829177";
"";"";"75,600000";"-225682,319975";
"";"";"75,960000";"-160905,617801";
"";"";"76,320000";"-53534,164644";
"";"";"76,680000";"-571505,079755";
"";"";"77,040000";"-175488,065853";
"";"";"77,400000";"-284043,670241";
"";"";"77,760000";"-916503,366415";
"";"";"78,120000";"-759759,056265";
"";"";"78,480000";"224759,320406";
"";"";"78,840000";"-226717,107086";
"";"";"79,200000";"-161944,762970";
"";"";"79,560000";"-883245,369095";
"";"";"79,920000";"-314781,502635";
"";"";"80,280000";"-791111,834850";
"";"";"80,640000";"38962,578241";
"";"";"81,000000";"-1684271,657503";
"";"";"81,360000";"-1595719,717581";
"";"";"81,720000";"-1676003,139281";
"";"";"82,080000";"249191,694573";
"";"";"82,440000";"-2917774,048440";
"";"";"82,800000";"-2471493,827789";
"";"";"83,160000";"-3316790,231461";
"";"";"83,520000";"-2025115,499346";
"";"";"83,880000";"1137402,885823";
"";"";"84,240000";"-2387004,127583";
"";"";"84,600000";"1014289,473015";
"";"";"84,960000";"-3846840,496944";
"";"";"85,320000";"-4027114,477990";
"";"";"85,680000";"-1839255,925662";
"";"";"86,040000";"3933724,985727";
"";"";"86,400000";"-8183990,641285";
"";"";"86,760000";"-4948068,705308";
"";"";"87,120000";"-10566302,600152";
"";"";"87,480000";"-10042962,177564";
"";"";"87,840000";"-18463724,810506";
"";"";"88,200000";"-16901322,284454";
"";"";"88,560000";"-8945173,054096";
"";"";"88,920000";"-7945781,442847";
"";"";"89,280000";"-17976131,828721";
"";"";"89,640000";"-12254873,398756";
"";"";"90,000000";"-1602327,669943";
"";"";"90,360000";"-11408382,380607";
"";"";"90,720000";"-5178169,505986";
"";"";"91,080000";"-10990156,550506";
"";"";"91,440000";"-17316704,036204";
"";"";"91,800000";"-8450193,813179";
"";"";"92,160000";"-46082126,027471";
"";"";"92,520000";"-33119593,900746";
"";"";"92,880000";"-47272083,413990";
"";"";"93,240000";"-53182454,617422";
"";"";"93,600000";"-31238089,012472";
"";"";"93,960000";"-89673939,813145";
"";"";"94,320000";"-13784837,691149";
"";"";"94,680000";"-50542717,525512";
"";"";"95,040000";"278667,682509";
"";"";"95,400000";"-35354074,651138";
"";"";"95,760000";"-24717767,519444";
"";"";"96,120000";"-102249412,054388";
"";"";"96,480000";"-124139667,783328";
"";"";"96,840000";"-92636415,296069";
"";"";"97,200000";"-81585513,027133";
"";"";"97,560000";"-27010170,570209";
"";"";"97,920000";"-17278947,088669";
"";"";"98,280000";"-226950682,303795";
"";"";"98,640000";"-125285693,065849";
"";"";"99,000000";"-71988422,931931";
"";"";"99,360000";"-304616782,452437";
"";"";"99,720000";"-92352429,251685";
"";"";"100,080000";"-531679927,629755";
"";"";"100,440000";"-175965337,372780";
"";"";"100,800000";"-375165259,653625";
"";"";"101,160000";"42017628,152988";
"";"";"101,520000";"-423665900,095759";
"";"";"101,880000";"-72799445,655306";
"";"";"102,240000";"-1000317776,151276";
"";"";"102,600000";"-385605435,506571";
"";"";"102,960000";"-285547478,532709";
"";"";"103,320000";"-384843211,029812";
"";"";"103,680000";"-26341709,059167";
"";"";"104,040000";"-1087245125,299285";
"";"";"104,400000";"-143653204,304670";
"";"";"104,760000";"-1764075694,410754";
"";"";"105,120000";"-1126504704,412583";
"";"";"105,480000";"-472453264,565537";
"";"";"105,840000";"-2110665106,757103";
"";"";"106,200000";"-218533564,749290";
"";"";"106,560000";"-1874075827,044223";
"";"";"106,920000";"-2701947028,286179";
"";"";"107,280000";"-74852495,445781";
"";"";"107,640000";"-2085484486,610724";
"";"";"108,000000";"-2030847100,314668";
"";"";"108,360000";"415629859,151799";
"";"";"108,720000";"898057608,754728";
"";"";"109,080000";"-5461070504,321615";
"";"";"109,440000";"-7728904059,889418";
"";"";"109,800000";"-2481587647,259588";
"";"";"110,160000";"-5988176674,959668";
"";"";"110,520000";"-7012305495,781515";
"";"";"110,880000";"-1530629882,670380";
"";"";"111,240000";"-6495323154,481864";
"";"";"111,600000";"-1830374808,380620";
"";"";"111,960000";"1044654455,600005";
"";"";"112,320000";"-6569152805,376578";
"";"";"112,680000";"-13412110472,178331";
"";"";"113,040000";"-2574436275,238819";
"";"";"113,400000";"-15149624594,527552";
"";"";"113,760000";"-22429009937,042717";
"";"";"114,120000";"-8399175602,704656";
"";"";"114,480000";"-9428258352,447206";
"";"";"114,840000";"-11842634066,037239";
"";"";"115,200000";"-23613517366,993103";
"";"";"115,560000";"15710052412,592472";
"";"";"115,920000";"11154910421,638016";
"";"";"116,280000";"-16817821451,122772";
"";"";"116,640000";"-26808974157,143768";
"";"";"117,000000";"-25966439102,460209";
"";"";"117,360000";"12405566268,931944";
"";"";"117,720000";"-34424072392,508339";
"";"";"118,080000";"-23667366493,040627";
"";"";"118,440000";"-15852870919,859341";
"";"";"118,800000";"-52687720898,320305";
"";"";"119,160000";"-3229333780,052083";
"";"";"119,520000";"-12371556758,394533";
"";"";"119,880000";"67700429763,392357";
"";"";"120,240000";"-69752937705,458710";
"";"";"120,600000";"9344642412,547489";
"";"";"120,960000";"-67128525582,753899";
"";"";"121,320000";"19367747052,943264";
"";"";"121,680000";"-120582954878,171997";
"";"";"122,040000";"32786902601,467056";
"";"";"122,400000";"214934248618,551819";
"";"";"122,760000";"178101230872,457581";
"";"";"123,120000";"37156829650,624023";
"";"";"123,480000";"114785583502,409622";
"";"";"123,840000";"-176474511927,777496";
"";"";"124,200000";"85003586050,695343";
"";"";"124,560000";"-269717959859,625671";
"";"";"124,920000";"32495513463,501923";
"";"";"125,280000";"-89491397210,755798";
"";"";"125,640000";"-148928308109,607635";
"";"";"126,000000";"-276962593944,062500";
"";"";"126,360000";"-405031839683,723145";
"";"";"126,720000";"-106920315353,408279";
"";"";"127,080000";"142038820605,382996";
"";"";"127,440000";"469021850539,530518";
"";"";"127,800000";"367257123501,675415";
"";"";"128,160000";"-1080955629498,583984";
"";"";"128,520000";"-429073550402,931702";
"";"";"128,880000";"-321509401625,515564";
"";"";"129,240000";"100218408771,896439";
"";"";"129,600000";"1438215432078,252930";
"";"";"129,960000";"-111244120733,259232";
"";"";"130,320000";"1662822673000,697998";
"";"";"130,680000";"-1969280554485,493408";
"";"";"131,040000";"-1090465930219,534790";
"";"";"131,400000";"-474669562544,884338";
"";"";"131,760000";"-296033219831,158997";
"";"";"132,120000";"-1787334040040,419922";
"";"";"132,480000";"-2210060957833,935547";
"";"";"132,840000";"3046867173128,597656";
"";"";"133,200000";"1878549530312,204834";
"";"";"133,560000";"769654195969,496948";
"";"";"133,920000";"-163106871514,866577";
"";"";"134,280000";"-4337528287811,605957";
"";"";"134,640000";"222745330310,502075";
"";"";"135,000000";"4655403470192,226563";
"";"";"135,360000";"-1520399945058,701172";
"";"";"135,720000";"-670240010049,717529";
"";"";"136,080000";"-5178828736593,615234";
"";"";"136,440000";"-9143685371859,115234";
"";"";"136,800000";"-5320394428980,110352";
"";"";"137,160000";"1065402899768,683228";
"";"";"137,520000";"5451542555851,924805";
"";"";"137,880000";"8679019739480,547852";
"";"";"138,240000";"13527493851605,585938";
"";"";"138,600000";"14716663015502,904297";
"";"";"138,960000";"5315841872189,432617";
"";"";"139,320000";"3170721459721,833984";
"";"";"139,680000";"14973458588427,007813";
"";"";"140,040000";"9586033218472,591797";
"";"";"140,400000";"-33569232176970,500000";
"";"";"140,760000";"-19852755394114,257813";
"";"";"141,120000";"-4933957838496,568359";
"";"";"141,480000";"-21468434055901,535156";
"";"";"141,840000";"-7819792655918,403320";
"";"";"142,200000";"2474147590265,554688";
"";"";"142,560000";"-7476535396691,865234";
"";"";"142,920000";"23138942182212,500000";
"";"";"143,280000";"-54936428133638,929688";
"";"";"143,640000";"35659037473198,320313";
"";"";"144,000000";"-111201360224906,218750";
"";"";"144,360000";"-10059125129821,037109";
"";"";"144,720000";"21518275382435,683594";
"";"";"145,080000";"-35549234351490,945313";
"";"";"145,440000";"27223526948778,765625";
"";"";"145,800000";"28725391430317,914063";
"";"";"146,160000";"-45964684565503,453125";
"";"";"146,520000";"57736772127422,992188";
"";"";"146,880000";"184206370746271,062500";
"";"";"147,240000";"239695851251309,468750";
"";"";"147,600000";"-331767402196793,750000";
"";"";"147,960000";"156998232329575,593750";
"";"";"148,320000";"105969857356241,640625";
"";"";"148,680000";"147638431256594,968750";
"";"";"149,040000";"29238886810799,765625";
"";"";"149,400000";"-484613774814750,375000";
"";"";"149,760000";"-611187557317017,500000";
"";"";"150,120000";"-438936902594658,625000";
"";"";"150,480000";"-588498159985490,750000";
"";"";"150,840000";"347687868071205,375000";
"";"";"151,200000";"881018292154688,875000";
"";"";"151,560000";"-851146564668768,250000";
"";"";"151,920000";"-771664549850125,125000";
"";"";"152,280000";"59162257237735,757813";
"";"";"152,640000";"-130433905136419,609375";
"";"";"153,000000";"19558702750413,378906";
"";"";"153,360000";"-888654966621962,000000";
"";"";"153,720000";"-472746750053715,187500";
"";"";"154,080000";"208967719060220,656250";
"";"";"154,440000";"-664244325023224,750000";
"";"";"154,800000";"-643429063400285,500000";
"";"";"155,160000";"-1982787669697460,500000";
"";"";"155,520000";"148220853913951,500000";
"";"";"155,880000";"-2411337601301789,500000";
"";"";"156,240000";"336975043968334,937500";
"";"";"156,600000";"-1978483753279361,250000";
"";"";"156,960000";"-2944010918791460,000000";
"";"";"157,320000";"1333172370963581,000000";
"";"";"157,680000";"1837755934029615,250000";
"";"";"158,040000";"-1311710770632132,000000";
"";"";"158,400000";"-1759900673013080,500000";
"";"";"158,760000";"3201173323748648,000000";
"";"";"159,120000";"-13404350939813334,000000";
"";"";"159,480000";"-3319516684223979,500000";
"";"";"159,840000";"-12134334475988530,000000";
"";"";"160,200000";"-7186317176834884,000000";
"";"";"160,560000";"-11559589902752206,000000";
"";"";"160,920000";"-434006878739064,687500";
"";"";"161,280000";"-1604261063941488,000000";
"";"";"161,640000";"-18230919225240792,000000";
"";"";"162,000000";"-537526309810632,312500";
"";"";"162,360000";"-8719853914381171,000000";
"";"";"162,720000";"-26770406123440984,000000";
"";"";"163,080000";"5906326634638374,000000";
"";"";"163,440000";"-25691048920920968,000000";
"";"";"163,800000";"-30653081184991368,000000";
"";"";"164,160000";"-36384355201587712,000000";
"";"";"164,520000";"-40000068761709736,000000";
"";"";"164,880000";"-63598034416021752,000000";
"";"";"165,240000";"-11594039623600812,000000";
"";"";"165,600000";"-61689830636197600,000000";
"";"";"165,960000";"-48883536793517664,000000";
"";"";"166,320000";"-142422375078482608,000000";
"";"";"166,680000";"16815274567023652,000000";
"";"";"167,040000";"-142363217325631856,000000";
"";"";"167,400000";"-44788669337656544,000000";
"";"";"167,760000";"-58347255192299176,000000";
"";"";"168,120000";"-102892977306672320,000000";
"";"";"168,480000";"-156656773063404704,000000";
"";"";"168,840000";"-234562771312018272,000000";
"";"";"169,200000";"-176848764817700832,000000";
"";"";"169,560000";"-215934713495742400,000000";
"";"";"169,920000";"-158100043003318592,000000";
"";"";"170,280000";"-341462224984986880,000000";
"";"";"170,640000";"74253018670065840,000000";
"";"";"171,000000";"-452360572473971392,000000";
"";"";"171,360000";"-279857725338183712,000000";
"";"";"171,720000";"-368851626140185728,000000";
"";"";"172,080000";"-449323189797023232,000000";
"";"";"172,440000";"-149738230454649376,000000";
"";"";"172,800000";"-709138686036534912,000000";
"";"";"173,160000";"-523671943084858816,000000";
"";"";"173,520000";"-732860399994955904,000000";
"";"";"173,880000";"-699950275055833088,000000";
"";"";"174,240000";"-1007269655776675072,000000";
"";"";"174,600000";"-1291987733029521152,000000";
"";"";"174,960000";"-965305717402372608,000000";
"";"";"175,320000";"-494504717076487104,000000";
"";"";"175,680000";"-702330693222262272,000000";
"";"";"176,040000";"-1216288835043276544,000000";
"";"";"176,400000";"-1450405381214772480,000000";
"";"";"176,760000";"-702448055312335232,000000";
"";"";"177,120000";"-2492900053426665984,000000";
"";"";"177,480000";"-1610692484264907776,000000";
"";"";"177,840000";"-1202360714472307200,000000";
"";"";"178,200000";"-695037704982410624,000000";
"";"";"178,560000";"-3628495262377664512,000000";
"";"";"178,920000";"-3532695976745781248,000000";
"";"";"179,280000";"-4765876233702823936,000000";
"";"";"179,640000";"-4113933295121242112,000000";
"";"";"180,000000";"-3999390717349323264,000000";
